,City,Lat,Long,Max Temp,Humidity,Cloudiness,Wind Speed,Country,Date
0,Kichmengskiy Gorodok,59.98,45.79,76.84,87,67,3.58,RU,2020-07-15 13:06:46
1,Hobart,-42.88,147.33,46.4,75,90,5.82,AU,2020-07-15 13:05:23
2,Port Elizabeth,-33.92,25.57,62.6,45,15,4.7,ZA,2020-07-15 13:06:46
3,Diffa,13.32,12.61,94.78,33,2,3.65,NE,2020-07-15 13:06:46
4,Bathsheba,13.22,-59.52,86.0,66,20,11.41,BB,2020-07-15 13:05:06
5,Ponta do Sol,32.67,-17.1,75.99,62,4,5.39,PT,2020-07-15 13:06:46
6,Punta Arenas,-53.15,-70.92,30.2,86,19,8.05,CL,2020-07-15 13:05:04
7,Kumul,42.8,93.45,90.05,12,27,11.48,CN,2020-07-15 13:06:46
8,Provideniya,64.38,-173.3,46.29,94,100,5.7,RU,2020-07-15 13:07:12
9,Vestmannaeyjar,63.44,-20.27,52.54,91,100,23.2,IS,2020-07-15 13:06:47
10,Airai,-8.93,125.41,56.98,100,46,4.21,TL,2020-07-15 13:07:12
11,Jumla,29.27,82.18,68.36,68,58,2.53,NP,2020-07-15 13:07:12
12,Yulara,-25.24,130.99,46.4,31,0,4.7,AU,2020-07-15 13:07:13
13,Albany,42.6,-73.97,70.0,76,93,2.08,US,2020-07-15 13:05:02
14,Trairi,-3.28,-39.27,83.48,61,0,9.17,BR,2020-07-15 13:07:13
15,Tasiilaq,65.61,-37.64,44.6,75,75,4.7,GL,2020-07-15 13:06:48
16,Port Alfred,-33.59,26.89,62.11,39,0,6.2,ZA,2020-07-15 13:07:13
17,Muzaffarnagar,29.47,77.68,97.45,38,82,3.04,IN,2020-07-15 13:07:13
18,Jamestown,42.1,-79.24,66.0,93,1,6.6,US,2020-07-15 13:07:13
19,Trelew,-43.25,-65.31,36.57,74,15,5.55,AR,2020-07-15 13:06:48
20,Hong Kong,22.29,114.16,86.0,66,100,13.0,HK,2020-07-15 13:04:48
21,Aklavik,68.22,-135.01,50.0,87,75,8.05,CA,2020-07-15 13:07:14
22,Ahipara,-35.17,173.17,58.24,94,22,5.03,NZ,2020-07-15 13:07:14
23,Hualmay,-11.1,-77.61,62.76,79,60,8.41,PE,2020-07-15 13:07:14
24,Sangar,63.92,127.47,65.37,67,1,1.66,RU,2020-07-15 13:06:49
25,Puerto Ayora,-0.74,-90.35,66.0,98,73,3.0,EC,2020-07-15 13:06:49
26,Butaritari,3.07,172.79,82.65,74,90,9.04,KI,2020-07-15 13:06:49
27,Cam Ranh,11.92,109.16,86.0,79,40,9.17,VN,2020-07-15 13:06:49
28,Bredasdorp,-34.53,20.04,64.4,42,0,8.05,ZA,2020-07-15 13:06:49
29,Rikitea,-23.12,-134.97,73.11,87,100,9.55,PF,2020-07-15 13:06:50
30,Cidreira,-30.18,-50.21,47.17,67,0,7.07,BR,2020-07-15 13:06:50
31,Kapaa,22.08,-159.32,77.0,83,90,11.41,US,2020-07-15 13:06:50
32,Tafo,6.73,-1.61,74.64,78,100,5.5,GH,2020-07-15 13:06:50
33,Hermanus,-34.42,19.23,63.0,38,0,5.01,ZA,2020-07-15 13:06:50
34,Barrow,71.29,-156.79,33.8,100,90,10.29,US,2020-07-15 13:06:50
35,Chokurdakh,70.63,147.92,37.49,87,100,13.87,RU,2020-07-15 13:06:51
36,Bluff,-46.6,168.33,39.0,83,43,3.0,NZ,2020-07-15 13:06:51
37,Arrondissement de Saumur,47.33,-0.25,69.01,56,90,6.93,FR,2020-07-15 13:06:51
38,Saint Paul Harbor,57.79,-152.41,62.6,51,1,10.29,US,2020-07-15 13:06:51
39,Flinders,-34.58,150.86,55.0,63,77,8.01,AU,2020-07-15 13:06:51
40,New Norfolk,-42.78,147.06,46.0,83,100,0.76,AU,2020-07-15 13:06:51
41,Sol'-Iletsk,51.16,54.99,99.72,14,0,11.3,RU,2020-07-15 13:06:51
42,Bulgan,48.81,103.53,58.03,86,99,2.17,MN,2020-07-15 13:06:51
43,Ushuaia,-54.8,-68.3,26.6,92,40,6.93,AR,2020-07-15 13:06:52
44,Bethel,41.37,-73.41,68.0,88,90,4.7,US,2020-07-15 13:06:52
45,Mataura,-46.19,168.86,39.0,83,25,3.0,NZ,2020-07-15 13:06:52
46,Paraíso,9.84,-83.87,68.0,82,75,5.82,CR,2020-07-15 13:06:52
47,Ol'ga,43.74,135.29,56.19,92,0,2.24,RU,2020-07-15 13:06:52
48,East London,-33.02,27.91,66.2,43,0,5.82,ZA,2020-07-15 13:03:37
49,Vostok,46.49,135.88,59.94,93,0,3.2,RU,2020-07-15 13:06:53
50,Saint-Philippe,-21.36,55.77,78.8,65,42,6.93,RE,2020-07-15 13:06:53
51,Chesma,53.81,60.65,86.79,49,22,5.64,RU,2020-07-15 13:06:53
52,Emerald,-23.53,148.17,55.4,47,0,8.05,AU,2020-07-15 13:06:53
53,Cape Town,-33.93,18.42,62.6,33,0,9.17,ZA,2020-07-15 13:03:13
54,Saskylakh,71.92,114.08,68.97,70,78,14.79,RU,2020-07-15 13:06:53
55,Linxia Chengguanzhen,35.6,103.21,68.29,61,53,3.91,CN,2020-07-15 13:06:54
56,Ilulissat,69.22,-51.1,46.4,75,75,4.7,GL,2020-07-15 13:06:54
57,At-Bashi,41.17,75.81,69.71,35,69,5.97,KG,2020-07-15 13:06:54
58,Tegul'det,57.31,88.17,63.93,62,100,4.14,RU,2020-07-15 13:06:54
59,Eureka,40.8,-124.16,53.6,81,1,3.36,US,2020-07-15 13:06:54
60,Teahupoo,-17.83,-149.27,75.2,88,40,4.7,PF,2020-07-15 13:06:54
61,Leh,34.17,77.58,70.18,20,0,6.2,IN,2020-07-15 13:06:54
62,Norman Wells,65.28,-126.83,50.0,93,20,4.7,CA,2020-07-15 13:06:54
63,Jiazi,22.88,116.07,83.88,84,100,13.09,CN,2020-07-15 13:06:55
64,Pisco,-13.7,-76.22,59.0,93,90,9.17,PE,2020-07-15 13:06:55
65,Burnie,-41.07,145.92,41.0,83,100,5.01,AU,2020-07-15 13:07:18
66,Castro,-24.79,-50.01,55.2,78,31,5.01,BR,2020-07-15 13:07:18
67,Atuona,-9.8,-139.03,79.09,78,20,19.39,PF,2020-07-15 13:07:19
68,Hofn,64.25,-15.21,52.0,84,91,9.57,IS,2020-07-15 13:07:19
69,Esperance,-33.87,121.9,51.8,71,0,6.93,AU,2020-07-15 13:07:19
70,Nānākuli,21.39,-158.15,75.2,83,90,5.82,US,2020-07-15 13:07:19
71,Longyearbyen,78.22,15.64,46.4,70,75,4.7,SJ,2020-07-15 13:07:19
72,Yellowknife,62.46,-114.35,53.6,87,75,12.75,CA,2020-07-15 13:07:19
73,Balikpapan,-1.27,116.83,82.4,83,40,8.05,ID,2020-07-15 13:06:53
74,Saldanha,-33.01,17.94,62.6,36,0,3.36,ZA,2020-07-15 13:07:20
75,Souillac,-20.52,57.52,75.2,69,40,14.99,MU,2020-07-15 13:07:20
76,Bambous Virieux,-20.34,57.76,75.2,69,40,14.99,MU,2020-07-15 13:07:20
77,Palmer,42.16,-72.33,70.0,77,90,4.7,US,2020-07-15 13:07:20
78,Santiago Tuxtla,18.47,-95.3,76.33,86,100,0.54,MX,2020-07-15 13:07:20
79,Rio de Janeiro,-22.9,-43.21,66.2,100,90,9.17,BR,2020-07-15 13:05:57
80,Kuching,1.55,110.33,80.6,88,20,1.36,MY,2020-07-15 13:07:20
81,Nikolskoye,59.7,30.79,64.4,48,20,11.18,RU,2020-07-15 13:07:21
82,Qaanaaq,77.48,-69.36,40.86,82,100,10.04,GL,2020-07-15 13:07:21
83,Yangi Marg`ilon,40.43,71.72,96.8,19,100,9.17,UZ,2020-07-15 13:07:21
84,Isangel,-19.55,169.27,69.8,94,20,2.55,VU,2020-07-15 13:07:21
85,Busselton,-33.65,115.33,55.99,81,73,17.72,AU,2020-07-15 13:07:21
86,Deputatsky,69.3,139.9,39.02,74,17,11.88,RU,2020-07-15 13:07:21
87,Médéa,36.26,2.75,86.0,55,20,19.46,DZ,2020-07-15 13:07:21
88,Te Anau,-45.42,167.72,32.27,96,92,0.81,NZ,2020-07-15 13:07:21
89,Poum,-20.23,164.02,70.86,74,0,13.85,NC,2020-07-15 13:07:22
90,Tucumcari,35.17,-103.72,68.0,72,1,5.82,US,2020-07-15 13:07:20
91,Port-Gentil,-0.72,8.78,78.8,74,40,7.92,GA,2020-07-15 13:07:22
92,Avarua,-21.21,-159.78,68.0,64,100,3.36,CK,2020-07-15 13:07:22
93,Mergen,49.18,125.22,69.48,82,100,5.08,CN,2020-07-15 13:07:22
94,Brae,60.4,-1.35,57.2,71,20,5.82,GB,2020-07-15 13:07:22
95,Los Llanos de Aridane,28.66,-17.92,78.8,65,20,18.34,ES,2020-07-15 13:07:22
96,Shahr-e Kord,32.33,50.86,87.8,10,40,11.41,IR,2020-07-15 13:07:22
97,Guerrero Negro,27.98,-114.06,65.62,89,0,9.26,MX,2020-07-15 13:07:23
98,Vaini,-21.2,-175.2,73.4,78,40,6.93,TO,2020-07-15 13:07:23
99,Arman',59.7,150.17,52.38,93,12,4.09,RU,2020-07-15 13:07:23
100,Bairiki Village,1.33,172.98,82.4,74,20,2.24,KI,2020-07-15 13:07:23
101,Tuatapere,-46.13,167.68,39.0,83,59,3.0,NZ,2020-07-15 13:07:23
102,Iqaluit,63.75,-68.51,59.0,51,20,10.29,CA,2020-07-15 13:07:23
103,Cherskiy,68.75,161.3,39.42,84,100,7.36,RU,2020-07-15 13:07:23
104,Maniitsoq,65.42,-52.9,45.05,80,18,5.75,GL,2020-07-15 13:07:24
105,Kushālgarh,23.2,74.45,91.62,55,96,8.57,IN,2020-07-15 13:07:24
106,Mindelo,16.89,-24.98,84.2,66,75,4.7,CV,2020-07-15 13:07:24
107,La Llanada,1.49,-77.58,49.82,100,59,1.61,CO,2020-07-15 13:07:24
108,Upernavik,72.79,-56.15,43.3,83,0,4.09,GL,2020-07-15 13:07:24
109,Turukhansk,65.82,87.98,54.36,66,100,6.06,RU,2020-07-15 13:07:24
110,Aykhal,66.0,111.5,75.2,38,20,4.47,RU,2020-07-15 13:07:24
111,Martapura,-3.42,114.85,77.0,100,90,2.24,ID,2020-07-15 13:02:32
112,Barcelos,41.54,-8.62,89.6,27,0,8.05,PT,2020-07-15 13:07:24
113,Itoman,26.12,127.67,84.2,94,75,13.87,JP,2020-07-15 13:07:25
114,Naryan-Mar,67.67,53.09,53.67,65,100,14.25,RU,2020-07-15 13:07:25
115,Dikson,73.51,80.55,40.55,92,100,13.6,RU,2020-07-15 13:07:25
116,Esim,4.87,-2.24,78.89,68,68,10.63,GH,2020-07-15 13:07:25
117,Conakry,9.54,-13.68,77.0,100,90,6.93,GN,2020-07-15 13:03:02
118,Pevek,69.7,170.31,46.42,80,100,5.99,RU,2020-07-15 13:07:25
119,Guarapari,-20.67,-40.5,71.6,88,75,10.29,BR,2020-07-15 13:07:26
120,Chui,-33.7,-53.46,42.78,64,0,4.0,UY,2020-07-15 13:07:26
121,Port Hardy,50.7,-127.42,57.2,100,90,2.24,CA,2020-07-15 13:07:26
122,Vanimo,-2.67,141.3,79.07,85,16,5.73,PG,2020-07-15 13:07:26
123,Lengshuijiang,27.69,111.43,80.4,85,100,3.89,CN,2020-07-15 13:07:26
124,Alofi,-19.06,-169.92,69.8,77,100,8.05,NU,2020-07-15 13:07:26
125,Severo-Kuril'sk,50.68,156.12,50.76,91,97,8.72,RU,2020-07-15 13:07:26
126,Krasnoborsk,61.56,45.93,60.21,81,100,11.1,RU,2020-07-15 13:07:26
127,Cloquet,46.72,-92.46,66.2,68,1,8.05,US,2020-07-15 13:07:27
128,Moindou,-21.69,165.68,69.8,88,90,2.24,NC,2020-07-15 13:07:27
129,Carnarvon,-24.87,113.63,68.0,64,40,8.05,AU,2020-07-15 13:07:27
130,Haines Junction,60.75,-137.51,48.33,86,100,1.74,CA,2020-07-15 13:07:27
131,Tonantins,-2.87,-67.8,79.66,77,78,0.85,BR,2020-07-15 13:07:27
132,Rawson,-43.3,-65.1,37.96,71,1,9.1,AR,2020-07-15 13:07:27
133,Husavik,66.04,-17.34,51.8,93,90,5.82,IS,2020-07-15 13:07:28
134,Springbok,-29.66,17.89,53.78,38,0,31.47,ZA,2020-07-15 13:07:28
135,Hilo,19.73,-155.09,73.4,88,90,4.7,US,2020-07-15 13:07:28
136,Laas,46.62,10.7,63.0,76,40,5.82,IT,2020-07-15 13:07:28
137,Beloha,-25.17,45.05,71.91,52,30,12.48,MG,2020-07-15 13:07:28
138,Bergama,39.12,27.18,87.8,42,40,16.11,TR,2020-07-15 13:07:28
139,Charleston,32.78,-79.93,87.01,79,1,5.46,US,2020-07-15 13:06:42
140,Baruun-Urt,46.68,113.28,74.08,56,80,3.78,MN,2020-07-15 13:07:28
141,Desert Hot Springs,33.96,-116.5,80.6,30,1,4.43,US,2020-07-15 13:07:29
142,Doha,25.29,51.53,113.0,40,0,6.93,QA,2020-07-15 13:03:23
143,Grindavik,63.84,-22.43,51.8,100,75,8.05,IS,2020-07-15 13:07:29
144,Ribeira Grande,38.52,-28.7,71.6,78,75,16.11,PT,2020-07-15 13:07:29
145,San Cristobal,7.77,-72.22,77.0,78,40,2.24,VE,2020-07-15 13:05:31
146,Inongo,-1.95,18.27,74.89,74,49,2.44,CD,2020-07-15 13:07:29
147,San Ignacio,17.16,-89.07,78.01,100,20,6.93,BZ,2020-07-15 13:07:29
148,Huarmey,-10.07,-78.15,63.43,80,68,7.36,PE,2020-07-15 13:07:30
149,Tautira,-17.73,-149.15,75.2,88,20,1.12,PF,2020-07-15 13:07:30
150,West Wendover,40.74,-114.07,66.2,20,1,4.7,US,2020-07-15 13:07:30
151,Shwebo,22.57,95.7,85.69,70,100,6.55,MM,2020-07-15 13:07:30
152,Nizhnyaya Tura,58.63,59.81,92.03,36,0,6.4,RU,2020-07-15 13:07:30
153,Caravelas,-17.71,-39.25,80.31,62,0,3.22,BR,2020-07-15 13:07:30
154,Mahabalipuram,12.63,80.17,89.6,62,75,5.82,IN,2020-07-15 13:07:31
155,Tilichiki,60.47,166.1,47.86,96,100,3.53,RU,2020-07-15 13:07:31
156,Coahuayana Viejo,18.73,-103.68,73.4,83,40,3.8,MX,2020-07-15 13:07:31
157,Ibotirama,-12.19,-43.22,84.61,38,16,5.26,BR,2020-07-15 13:07:31
158,Kaitangata,-46.28,169.85,42.01,85,77,5.26,NZ,2020-07-15 13:07:31
159,Leningradskiy,69.38,178.42,38.75,91,99,7.85,RU,2020-07-15 13:07:31
160,Pryazha,61.69,33.62,62.6,63,20,8.95,RU,2020-07-15 13:07:31
161,Mount Gambier,-37.83,140.77,39.2,93,40,5.82,AU,2020-07-15 13:07:32
162,Abū Zabad,12.35,29.25,86.56,51,100,9.13,SD,2020-07-15 13:07:32
163,Nome,64.5,-165.41,51.8,87,90,6.93,US,2020-07-15 13:07:32
164,Half Moon Bay,37.46,-122.43,61.0,77,90,3.36,US,2020-07-15 13:07:32
165,Itarema,-2.92,-39.92,82.9,64,32,12.01,BR,2020-07-15 13:07:32
166,Paamiut,61.99,-49.67,42.08,88,1,15.21,GL,2020-07-15 13:07:32
167,Cap Malheureux,-19.98,57.61,75.0,66,95,8.99,MU,2020-07-15 13:07:32
168,Lebu,-37.62,-73.65,51.35,82,4,2.95,CL,2020-07-15 13:07:33
169,Mazatlán,23.22,-106.42,84.0,88,75,5.82,MX,2020-07-15 13:07:33
170,La Roche-sur-Yon,46.67,-1.43,69.8,52,75,11.41,FR,2020-07-15 13:07:33
171,Arraial do Cabo,-22.97,-42.03,66.2,82,75,2.24,BR,2020-07-15 13:07:33
172,Vila Franca do Campo,37.72,-25.43,69.8,77,75,6.93,PT,2020-07-15 13:07:33
173,Abalak,58.13,68.59,87.94,48,0,6.76,RU,2020-07-15 13:07:33
174,Władysławowo,54.79,18.4,77.0,36,0,12.75,PL,2020-07-15 13:07:33
175,Agüimes,27.91,-15.45,80.6,61,20,33.33,ES,2020-07-15 13:07:34
176,Dingle,11.0,122.67,78.21,85,93,7.47,PH,2020-07-15 13:07:34
177,Santa Isabel Rio Negro,-0.41,-65.02,81.12,75,0,2.01,BR,2020-07-15 13:07:34
178,Mahébourg,-20.41,57.7,75.2,69,40,14.99,MU,2020-07-15 13:07:34
179,Avera,33.19,-82.53,80.6,83,1,3.47,US,2020-07-15 13:07:34
180,Takoradze,4.88,-1.76,79.84,67,34,10.89,GH,2020-07-15 13:07:34
181,Cambados,42.51,-8.81,87.8,33,0,11.41,ES,2020-07-15 13:07:35
182,Ormond Beach,29.29,-81.06,82.99,88,1,7.2,US,2020-07-15 13:06:19
183,Katsuura,35.13,140.3,69.01,100,75,14.99,JP,2020-07-15 13:07:35
184,Verkhnevilyuysk,63.45,120.32,70.75,59,100,4.92,RU,2020-07-15 13:07:35
185,Kavieng,-2.57,150.8,81.93,70,50,3.47,PG,2020-07-15 13:07:35
186,Simpang,-1.27,104.08,75.96,86,48,2.62,ID,2020-07-15 13:05:01
187,Clyde River,70.47,-68.59,44.6,93,90,6.93,CA,2020-07-15 13:03:05
188,Solnechnyy,50.72,136.63,67.01,92,2,3.38,RU,2020-07-15 13:07:35
189,Dunda,-8.12,34.25,85.39,26,4,10.07,TZ,2020-07-15 13:07:36
190,Angoche,-16.23,39.91,74.89,59,21,15.88,MZ,2020-07-15 13:07:36
191,Saint-François,46.42,3.91,64.4,72,75,9.17,FR,2020-07-15 13:07:36
192,Gamba,-2.65,10.0,76.05,73,40,7.72,GA,2020-07-15 13:07:36
193,Havre-St-Pierre,50.23,-63.6,60.8,67,1,2.24,CA,2020-07-15 13:07:36
194,Buenos Aires,-34.61,-58.38,48.0,60,0,6.38,AR,2020-07-15 13:04:57
195,Vila Velha,-20.33,-40.29,71.6,88,75,10.29,BR,2020-07-15 13:03:47
196,Fulton,33.77,-84.45,82.99,94,90,4.7,US,2020-07-15 13:07:37
197,Novozavidovskiy,56.55,36.43,67.77,80,0,7.38,RU,2020-07-15 13:07:37
198,Homer,59.64,-151.55,55.0,87,1,6.93,US,2020-07-15 13:07:37
199,Tucupita,9.06,-62.05,80.94,81,1,4.14,VE,2020-07-15 13:07:37
200,Mar del Plata,-38.0,-57.56,44.01,86,0,3.36,AR,2020-07-15 13:07:37
201,Chabahar,25.29,60.64,86.09,76,0,11.79,IR,2020-07-15 13:07:37
202,Launceston,-41.45,147.17,43.0,81,75,9.17,AU,2020-07-15 13:07:37
203,San Patricio,19.22,-104.7,78.8,78,40,6.93,MX,2020-07-15 13:07:38
204,Poya,-21.35,165.15,68.45,79,84,4.9,NC,2020-07-15 13:07:38
205,Nouadhibou,20.93,-17.03,77.0,61,16,16.11,MR,2020-07-15 13:07:38
206,Les Cayes,18.2,-73.75,83.66,69,0,2.1,HT,2020-07-15 13:07:38
207,Northam,51.03,-4.22,64.0,79,84,5.99,GB,2020-07-15 13:07:38
208,Henties Bay,-22.12,14.28,73.99,47,0,1.99,NA,2020-07-15 13:07:38
209,Shelburne,44.08,-80.2,73.0,88,1,3.36,CA,2020-07-15 13:07:38
210,São Filipe,14.9,-24.5,78.91,78,57,12.3,CV,2020-07-15 13:07:39
211,Praia da Vitória,38.73,-27.07,73.4,69,75,12.26,PT,2020-07-15 13:07:39
212,Lavrentiya,65.58,-171.0,43.72,94,100,1.92,RU,2020-07-15 13:07:39
213,Puerto Peñasco,31.32,-113.53,86.0,76,0,10.0,MX,2020-07-15 13:07:36
214,Inhambane,-23.86,35.38,69.49,52,16,19.84,MZ,2020-07-15 13:07:39
215,Tuktoyaktuk,69.45,-133.04,44.85,68,79,8.05,CA,2020-07-15 13:07:39
216,Bengkulu,-3.8,102.27,80.19,76,100,2.71,ID,2020-07-15 13:07:39
217,Wanning,18.8,110.4,82.47,83,87,10.78,CN,2020-07-15 13:07:39
218,Buala,-8.14,159.59,79.65,79,99,3.29,SB,2020-07-15 13:07:40
219,Dubai,25.26,55.3,102.2,48,0,11.41,AE,2020-07-15 13:07:23
220,Longkou,37.65,120.33,77.2,72,74,6.64,CN,2020-07-15 13:07:40
221,Ambilobe,-13.2,49.05,82.18,55,57,5.21,MG,2020-07-15 13:07:40
222,Sinop Province,41.77,34.87,75.2,69,75,10.29,TR,2020-07-15 13:07:31
223,Mozarlândia,-14.74,-50.57,85.84,21,0,9.4,BR,2020-07-15 13:07:40
224,Puerto Escondido,15.85,-97.07,77.0,78,90,9.17,MX,2020-07-15 13:07:40
225,Davila,18.47,120.58,84.02,74,10,3.58,PH,2020-07-15 13:07:40
226,Bitung,1.45,125.18,78.8,88,20,3.36,ID,2020-07-15 13:07:41
227,Basco,20.45,121.97,85.75,77,60,11.99,PH,2020-07-15 13:07:41
228,Ambulu,-8.35,113.61,75.18,85,98,8.03,ID,2020-07-15 13:07:41
229,São João da Barra,-21.64,-41.05,68.0,94,90,9.17,BR,2020-07-15 13:04:29
230,Umm Kaddadah,13.6,26.69,96.19,28,2,6.62,SD,2020-07-15 13:07:41
231,Fairbanks,64.84,-147.72,53.01,93,1,5.82,US,2020-07-15 13:07:41
232,Lensk,60.73,114.93,72.09,72,3,4.88,RU,2020-07-15 13:07:41
233,Uthal,25.81,66.62,91.8,61,0,15.97,PK,2020-07-15 13:07:41
234,Dessie,11.13,39.63,68.38,51,99,13.09,ET,2020-07-15 13:07:41
235,Qeshm,26.96,56.27,100.4,60,0,11.41,IR,2020-07-15 13:07:41
236,Krasnosel'kup,65.7,82.47,63.86,50,83,5.61,RU,2020-07-15 13:07:42
237,Kudahuvadhoo,2.67,72.89,84.69,71,100,8.25,MV,2020-07-15 13:07:42
238,Thompson,55.74,-97.86,59.0,93,90,10.29,CA,2020-07-15 13:03:07
239,Khatanga,71.97,102.5,61.59,65,100,8.75,RU,2020-07-15 13:07:42
240,The Valley,18.22,-63.06,84.99,65,40,14.99,AI,2020-07-15 13:06:05
241,Eyl,7.98,49.82,94.03,36,97,29.21,SO,2020-07-15 13:07:42
242,Bud,39.45,-86.18,73.0,78,1,4.5,US,2020-07-15 13:07:42
243,Ostrovnoy,68.05,39.51,54.77,65,0,6.69,RU,2020-07-15 13:07:42
244,Acapulco de Juárez,16.86,-99.89,78.8,88,75,2.24,MX,2020-07-15 13:06:59
245,Seydi,39.48,62.91,107.73,8,0,11.23,TM,2020-07-15 13:07:43
246,Berlevåg,70.86,29.09,50.0,81,27,14.99,NO,2020-07-15 13:07:43
247,Morón,-34.65,-58.62,46.99,59,0,2.24,AR,2020-07-15 13:07:43
248,Jaisalmer,26.91,70.92,97.72,37,10,21.7,IN,2020-07-15 13:07:43
249,Hithadhoo,-0.6,73.08,84.9,70,70,6.71,MV,2020-07-15 13:07:43
250,Miandrivazo,-19.52,45.47,86.59,25,0,8.88,MG,2020-07-15 13:07:43
251,Lompoc,34.64,-120.46,57.2,87,65,3.6,US,2020-07-15 13:07:14
252,Durango,24.83,-104.83,66.56,51,75,3.22,MX,2020-07-15 13:05:47
253,Talnakh,69.49,88.4,51.8,71,75,11.18,RU,2020-07-15 13:07:44
254,Washougal,45.58,-122.35,57.0,82,1,5.82,US,2020-07-15 13:07:44
255,Bilibino,68.05,166.44,53.55,77,100,1.83,RU,2020-07-15 13:07:44
256,La Asuncion,11.03,-63.86,80.6,88,0,9.17,VE,2020-07-15 13:07:34
257,Hervey Bay,-25.3,152.85,55.99,53,0,4.0,AU,2020-07-15 13:07:44
258,Pangnirtung,66.15,-65.71,51.8,76,40,10.29,CA,2020-07-15 13:07:44
259,Camopi,3.17,-52.32,79.75,85,5,3.13,GF,2020-07-15 13:07:44
260,Kaeo,-35.1,173.78,57.99,3,34,1.99,NZ,2020-07-15 13:07:44
261,Praia,14.92,-23.51,82.4,65,75,17.22,CV,2020-07-15 13:07:45
262,Guiyang,26.58,106.72,80.6,65,20,11.18,CN,2020-07-15 13:07:45
263,Tura,25.52,90.22,77.2,95,84,4.94,IN,2020-07-15 13:07:45
264,San-Pédro,4.75,-6.64,79.57,66,100,8.97,CI,2020-07-15 13:07:45
265,Ibiapina,-3.92,-40.89,76.41,58,0,8.55,BR,2020-07-15 13:07:45
266,Rahden,52.43,8.62,68.0,63,75,8.05,DE,2020-07-15 13:07:45
267,Tungor,53.38,142.96,57.2,90,87,10.18,RU,2020-07-15 13:07:45
268,Honningsvåg,70.98,25.97,46.4,87,75,5.82,NO,2020-07-15 13:07:46
269,Waoundé,15.26,-12.87,89.6,55,8,11.41,SN,2020-07-15 13:07:46
270,Houma,29.6,-90.72,82.99,94,1,3.89,US,2020-07-15 13:07:46
271,Codrington,-38.27,141.97,42.93,91,0,5.99,AU,2020-07-15 13:07:46
272,Finschhafen,-6.6,147.87,79.43,78,53,7.96,PG,2020-07-15 13:07:46
273,Mancherial,18.87,79.43,78.33,90,100,5.28,IN,2020-07-15 13:07:46
274,Bonavista,48.65,-53.11,48.99,79,100,15.01,CA,2020-07-15 13:07:46
275,Makhinjauri,41.67,41.69,78.8,78,40,10.29,GE,2020-07-15 13:07:46
276,Tateyama,34.98,139.87,69.01,100,25,5.01,JP,2020-07-15 13:07:47
277,Sørland,67.67,12.69,60.8,67,80,5.82,NO,2020-07-15 13:07:48
278,Bhuj,23.27,69.67,93.81,52,100,12.44,IN,2020-07-15 13:07:48
279,Chapais,49.78,-74.85,66.2,68,1,10.29,CA,2020-07-15 13:07:48
280,Dzerzhinsk,56.24,43.46,78.8,44,75,17.9,RU,2020-07-15 13:07:49
281,Culpeper,38.5,-77.97,75.2,64,1,2.84,US,2020-07-15 13:04:41
282,Pauini,-7.71,-66.98,80.06,67,0,2.95,BR,2020-07-15 13:07:49
283,Karratha,-20.74,116.85,65.82,67,0,3.94,AU,2020-07-15 13:07:50
284,Sigiriya,7.95,80.74,82.08,68,100,12.35,LK,2020-07-15 13:07:50
285,Sławno,54.36,16.68,68.63,73,100,4.5,PL,2020-07-15 13:07:51
286,Mandalgovi,45.76,106.27,77.2,18,6,6.13,MN,2020-07-15 13:07:51
287,Moroni,-11.7,43.26,86.0,48,40,12.75,KM,2020-07-15 13:07:52
288,Andenes,69.31,16.12,64.4,55,0,8.05,NO,2020-07-15 13:07:53
289,Port Lincoln,-34.73,135.87,54.81,88,0,9.51,AU,2020-07-15 13:07:53
290,Jyvaskyla,62.24,25.72,73.0,49,70,2.24,FI,2020-07-15 13:07:53
291,Ixtapa,20.7,-105.2,81.0,83,5,4.7,MX,2020-07-15 13:07:53
292,Iquique,-20.22,-70.14,55.4,76,75,4.7,CL,2020-07-15 13:07:53
293,Banda Aceh,5.56,95.32,82.11,74,79,1.72,ID,2020-07-15 13:03:20
294,Ārvi,20.98,78.23,79.14,85,100,6.67,IN,2020-07-15 13:07:54
295,Barra de Tecoanapa,16.52,-98.75,78.04,86,0,4.21,MX,2020-07-15 13:07:54
296,Kavaratti,10.57,72.64,83.3,80,100,19.1,IN,2020-07-15 13:07:54
297,Tiksi,71.69,128.87,37.58,79,0,10.42,RU,2020-07-15 13:07:54
298,Várzea Grande,-15.65,-56.13,77.0,73,0,3.36,BR,2020-07-15 13:07:54
299,Deniliquin,-35.53,144.97,43.48,86,0,5.23,AU,2020-07-15 13:07:54
300,Torbay,47.67,-52.73,50.0,100,90,19.46,CA,2020-07-15 13:05:16
301,Vardø,70.37,31.11,60.8,59,11,8.05,NO,2020-07-15 13:04:39
302,Wau,7.7,28.0,84.07,64,6,5.55,SS,2020-07-15 13:07:55
303,Saint Anthony,45.02,-93.22,66.99,88,40,2.04,US,2020-07-15 13:07:55
304,Ondo,7.1,4.83,80.11,74,100,4.85,NG,2020-07-15 13:07:55
305,Serebryansk,49.69,83.29,87.8,35,20,15.66,KZ,2020-07-15 13:07:55
306,Geraldton,-28.77,114.6,55.4,93,3,9.17,AU,2020-07-15 13:07:55
307,Saint George,37.1,-113.58,75.99,19,1,6.93,US,2020-07-15 13:05:34
308,Yar-Sale,66.83,70.83,61.29,84,100,12.17,RU,2020-07-15 13:07:55
309,Novobirilyussy,56.95,90.67,60.76,60,97,5.28,RU,2020-07-15 13:07:56
310,Presidencia Roque Sáenz Peña,-26.79,-60.44,46.83,55,99,4.34,AR,2020-07-15 13:07:56
311,Manado,1.49,124.85,78.8,88,20,3.36,ID,2020-07-15 13:07:56
312,Hasaki,35.73,140.83,64.4,100,75,6.93,JP,2020-07-15 13:07:56
313,Horsham,51.06,-0.33,64.99,63,75,11.41,GB,2020-07-15 13:07:56
314,Yaan,7.38,8.57,79.54,80,100,5.44,NG,2020-07-15 13:07:56
315,Lagoa,39.05,-27.98,68.9,82,72,13.98,PT,2020-07-15 13:03:03
316,Prijedor,44.98,16.71,80.6,34,20,6.93,BA,2020-07-15 13:05:02
317,Sémbé,1.65,14.58,82.36,65,59,4.81,CG,2020-07-15 13:07:56
318,George Town,5.41,100.34,84.2,83,20,5.82,MY,2020-07-15 13:05:37
319,Calvinia,-31.47,19.78,52.2,41,0,9.86,ZA,2020-07-15 13:07:57
320,Bibiani,6.46,-2.32,75.15,76,100,3.67,GH,2020-07-15 13:07:57
321,Ulladulla,-35.35,150.47,51.8,66,75,8.05,AU,2020-07-15 13:07:57
322,Morros,-9.45,-46.3,83.75,38,8,11.12,BR,2020-07-15 13:07:57
323,Shīeli,44.17,66.75,97.0,17,0,21.7,KZ,2020-07-15 13:07:57
324,Merauke,-8.47,140.33,77.7,84,95,17.18,ID,2020-07-15 13:07:57
325,Ramon,16.78,121.53,76.84,90,30,2.48,PH,2020-07-15 13:07:58
326,Lüderitz,-26.65,15.16,82.4,14,0,18.34,NA,2020-07-15 13:07:58
327,Okha,53.57,142.95,56.82,88,6,10.63,RU,2020-07-15 13:07:58
328,Thinadhoo,0.53,72.93,85.08,68,85,6.15,MV,2020-07-15 13:07:58
329,Mardin,37.31,40.74,104.0,13,20,8.05,TR,2020-07-15 13:07:31
330,Parkersburg,39.27,-81.56,71.6,68,1,3.36,US,2020-07-15 13:07:58
331,Korla,41.76,86.15,86.86,21,100,15.61,CN,2020-07-15 13:07:58
332,Filingué,14.35,3.32,84.74,62,100,10.8,NE,2020-07-15 13:07:58
333,Sabang,5.89,95.32,84.58,67,15,1.61,ID,2020-07-15 13:07:59
334,Araouane,18.9,-3.53,102.29,25,99,10.51,ML,2020-07-15 13:07:59
335,Boysun,38.21,67.2,91.53,13,87,6.78,UZ,2020-07-15 13:07:59
336,Portland,45.52,-122.68,60.8,67,20,4.7,US,2020-07-15 13:07:40
337,Horasan,40.05,42.17,81.21,28,0,4.12,TR,2020-07-15 13:07:59
338,Camacha,33.08,-16.33,71.6,68,75,19.46,PT,2020-07-15 13:07:59
339,Am Timan,11.03,20.28,84.63,61,97,4.54,TD,2020-07-15 13:07:59
340,Mount Isa,-20.73,139.5,51.8,34,0,6.93,AU,2020-07-15 13:07:59
341,Sandy Bay,-42.91,147.35,46.4,75,90,5.82,AU,2020-07-15 13:07:59
342,Alnāvar,15.43,74.73,71.6,88,75,9.17,IN,2020-07-15 13:08:00
343,Maceió,-9.67,-35.74,75.2,88,40,2.24,BR,2020-07-15 13:08:00
344,San Rafael,-34.62,-68.33,46.08,55,0,1.72,AR,2020-07-15 13:07:40
345,George,-33.96,22.46,60.8,36,0,8.05,ZA,2020-07-15 13:08:00
346,Bontang,0.13,117.5,80.47,76,100,4.63,ID,2020-07-15 13:08:00
347,Takāb,36.4,47.11,79.9,26,10,4.0,IR,2020-07-15 13:08:00
348,Srednekolymsk,67.45,153.68,39.36,73,0,7.54,RU,2020-07-15 13:08:00
349,North Myrtle Beach,33.82,-78.68,84.99,79,1,5.82,US,2020-07-15 13:08:00
350,Tuy Hoa,13.08,109.3,81.0,86,3,9.57,VN,2020-07-15 13:03:50
351,Lata,40.16,-8.33,89.01,34,0,5.99,PT,2020-07-15 13:08:01
352,Nautla,20.22,-96.78,77.34,72,23,5.17,MX,2020-07-15 13:08:01
353,Curup,-3.47,102.53,70.63,89,100,3.29,ID,2020-07-15 13:08:01
354,College,64.86,-147.8,53.01,87,40,4.7,US,2020-07-15 13:08:01
355,Pitimbu,-7.47,-34.81,77.0,88,75,8.05,BR,2020-07-15 13:08:01
356,Bubaque,11.28,-15.83,80.02,80,100,5.95,GW,2020-07-15 13:08:01
357,Gambēla,8.25,34.58,79.74,84,41,3.02,ET,2020-07-15 13:08:02
358,Rocha,-34.48,-54.33,44.94,59,0,3.44,UY,2020-07-15 13:03:26
359,Katherine,-14.47,132.27,66.2,48,46,5.82,AU,2020-07-15 13:05:44
360,La Ronge,55.1,-105.28,57.2,82,90,14.99,CA,2020-07-15 13:08:02
361,Guapí,2.57,-77.89,77.23,91,64,4.65,CO,2020-07-15 13:03:05
362,Ranfurly,-45.13,170.1,23.0,95,100,2.55,NZ,2020-07-15 13:08:02
363,High Level,58.52,-117.14,48.2,93,1,2.24,CA,2020-07-15 13:08:02
364,Gazojak,41.19,61.4,105.55,8,0,21.94,TM,2020-07-15 13:08:03
365,Sistranda,63.73,8.83,66.2,68,20,14.99,NO,2020-07-15 13:08:03
366,Lima,-12.04,-77.03,59.0,93,90,6.93,PE,2020-07-15 13:07:10
367,Altay,47.87,88.12,76.71,42,29,6.42,CN,2020-07-15 13:08:03
368,Kulunda,52.57,78.94,76.23,47,0,14.12,RU,2020-07-15 13:08:03
369,Tessalit,20.2,1.01,102.74,20,0,8.68,ML,2020-07-15 13:08:03
370,Kahului,20.89,-156.47,78.01,73,20,13.87,US,2020-07-15 13:08:03
371,Salalah,17.02,54.09,82.4,88,90,10.29,OM,2020-07-15 13:07:20
372,Batticaloa,7.71,81.69,88.88,64,97,6.06,LK,2020-07-15 13:08:04
373,Bumba,2.18,22.47,82.56,68,90,2.57,CD,2020-07-15 13:08:04
374,Lushoto,-4.78,38.28,65.37,70,81,8.03,TZ,2020-07-15 13:08:04
375,Mezhdurechensk,53.69,88.06,68.02,57,0,5.95,RU,2020-07-15 13:08:04
376,Liwale,-9.77,37.93,84.87,32,52,7.87,TZ,2020-07-15 13:08:04
377,Naze,28.37,129.48,82.4,88,75,6.93,JP,2020-07-15 13:08:04
378,Ust'-Kan,50.93,84.76,65.26,74,3,8.25,RU,2020-07-15 13:08:04
379,Arlit,18.74,7.39,100.09,22,0,4.97,NE,2020-07-15 13:08:04
380,San Rafael del Sur,11.85,-86.44,78.8,83,40,4.7,NI,2020-07-15 13:08:04
381,Yumen,40.28,97.2,83.84,22,100,6.2,CN,2020-07-15 13:08:05
382,Lloydminster,53.28,-110.0,51.8,87,1,13.87,CA,2020-07-15 13:08:05
383,Kyabé,9.45,18.94,85.08,63,45,5.26,TD,2020-07-15 13:08:06
384,Laguna,38.42,-121.42,59.0,87,1,3.36,US,2020-07-15 13:08:06
385,Mumbwa,-14.98,27.06,81.16,16,0,11.74,ZM,2020-07-15 13:08:06
386,Māgadi,12.97,77.23,80.01,100,75,11.41,IN,2020-07-15 13:08:07
387,Tari,12.41,4.49,88.45,52,100,9.8,NG,2020-07-15 13:08:07
388,Vaitape,-16.52,-151.75,78.3,82,0,15.32,PF,2020-07-15 13:08:07
389,Gannan,47.91,123.5,74.43,67,0,6.98,CN,2020-07-15 13:08:07
390,Asău,46.43,26.4,79.0,39,20,5.82,RO,2020-07-15 13:08:07
391,Grand Forks,47.93,-97.03,64.4,67,20,11.41,US,2020-07-15 13:04:37
392,Pontianak,-0.03,109.33,76.68,89,63,3.62,ID,2020-07-15 13:08:07
393,Owando,-0.48,15.9,80.2,77,100,2.24,CG,2020-07-15 13:08:08
394,Hohhot,40.81,111.65,78.8,65,20,6.71,CN,2020-07-15 13:08:08
395,Tchibanga,-2.85,11.03,81.77,58,84,4.52,GA,2020-07-15 13:08:08
396,Lalibela,12.03,39.03,64.56,68,100,8.59,ET,2020-07-15 13:08:08
397,Honiara,-9.43,159.95,78.8,88,75,3.36,SB,2020-07-15 13:08:08
398,Marion,39.77,-86.16,73.0,83,40,9.17,US,2020-07-15 13:06:23
399,Mayo,38.89,-76.51,80.6,61,1,4.7,US,2020-07-15 13:08:08
400,Gunjur,13.2,-16.73,87.8,70,40,10.63,GM,2020-07-15 13:08:08
401,Fereydūnkenār,36.69,52.52,86.0,55,75,6.93,IR,2020-07-15 13:08:09
402,Grand Gaube,-20.01,57.66,75.0,66,95,8.99,MU,2020-07-15 13:08:09
403,Sitka,57.05,-135.33,53.6,87,90,3.36,US,2020-07-15 13:08:09
404,Zyryanka,65.75,150.85,47.03,61,67,9.98,RU,2020-07-15 13:08:09
405,Skaerbaek,55.16,8.77,64.4,59,75,11.41,DK,2020-07-15 13:08:09
406,Camabatela,-8.19,15.38,85.51,18,0,8.95,AO,2020-07-15 13:08:09
407,Kattivākkam,13.22,80.32,89.6,62,75,5.82,IN,2020-07-15 13:08:09
408,Fare,-16.7,-151.02,78.73,79,0,10.65,PF,2020-07-15 13:08:10
409,Dunedin,-45.87,170.5,42.01,92,98,5.44,NZ,2020-07-15 13:08:10
410,Ancud,-41.87,-73.82,45.0,100,90,3.36,CL,2020-07-15 13:08:10
411,Argelia,2.26,-77.25,69.17,68,2,2.19,CO,2020-07-15 13:08:10
412,Bāglung,28.27,83.59,75.69,80,60,2.06,NP,2020-07-15 13:08:10
413,Cabo San Lucas,22.89,-109.91,82.0,61,5,18.34,MX,2020-07-15 13:06:45
414,Atbasar,51.8,68.33,83.1,43,0,12.21,KZ,2020-07-15 13:08:10
415,Shāhāda,21.55,74.47,81.25,84,100,1.81,IN,2020-07-15 13:08:11
416,Guabito,9.5,-82.62,77.0,88,100,2.06,PA,2020-07-15 13:08:11
417,Prado,-17.34,-39.22,79.83,64,32,1.72,BR,2020-07-15 13:08:11
418,Muscat,23.61,58.59,91.4,66,0,14.99,OM,2020-07-15 13:05:42
419,Adrar,20.5,-10.07,103.84,17,0,4.21,MR,2020-07-15 13:08:11
420,Sukumo,32.93,132.73,68.94,92,100,4.14,JP,2020-07-15 13:08:11
421,Nelson Bay,-32.72,152.15,54.0,66,40,9.17,AU,2020-07-15 13:08:12
422,Kandrian,-6.22,149.55,78.53,86,69,4.85,PG,2020-07-15 13:08:12
423,Nagato,34.38,131.2,71.6,78,75,3.36,JP,2020-07-15 13:08:12
424,San Policarpo,12.18,125.51,80.78,81,57,9.53,PH,2020-07-15 13:08:12
425,Cockburn Town,21.46,-71.14,81.37,79,95,14.58,TC,2020-07-15 13:08:14
426,Florianópolis,-27.61,-48.5,55.4,76,36,2.39,BR,2020-07-15 13:05:42
427,Riyadh,24.69,46.72,113.0,12,84,5.82,SA,2020-07-15 13:07:54
428,Izoplit,56.63,36.22,69.15,76,0,5.82,RU,2020-07-15 13:08:14
429,Chiredzi,-21.05,31.67,62.64,55,100,11.83,ZW,2020-07-15 13:08:14
430,Evensk,61.95,159.23,51.98,93,100,3.06,RU,2020-07-15 13:08:15
431,Huanren,41.26,125.37,68.58,82,36,2.3,CN,2020-07-15 13:08:15
432,Inuvik,68.35,-133.72,50.0,87,75,8.05,CA,2020-07-15 13:08:15
433,Havelock,34.88,-76.9,84.99,66,20,4.7,US,2020-07-15 13:08:15
434,Tual,-5.67,132.75,79.05,88,62,16.35,ID,2020-07-15 13:08:15
435,Inírida,3.87,-67.92,77.34,90,52,0.98,CO,2020-07-15 13:08:15
436,Kamenka,51.32,42.77,73.0,57,14,17.0,RU,2020-07-15 13:08:16
437,Taltal,-25.4,-70.48,61.72,47,0,1.39,CL,2020-07-15 13:08:16
438,Fortuna,40.6,-124.16,52.0,100,75,1.14,US,2020-07-15 13:08:16
439,Shingū,33.73,135.98,70.39,89,100,6.6,JP,2020-07-15 13:08:16
440,Quesnel,53.0,-122.5,55.4,100,90,2.24,CA,2020-07-15 13:08:16
441,Rock Sound,24.9,-76.2,83.53,74,71,7.78,BS,2020-07-15 13:08:17
442,Nioro,13.35,-15.75,89.31,51,0,7.54,GM,2020-07-15 13:08:17
443,Khovd,48.01,91.64,60.1,63,100,5.01,MN,2020-07-15 13:08:17
444,Jalu,29.03,21.55,99.95,15,0,12.44,LY,2020-07-15 13:08:17
445,Nisibis,37.08,41.22,105.8,9,0,11.41,TR,2020-07-15 13:08:17
446,Tarabha,20.73,83.65,86.94,67,100,5.3,IN,2020-07-15 13:08:17
447,Margate,51.38,1.39,68.0,65,100,1.99,GB,2020-07-15 13:08:17
448,Namatanai,-3.67,152.43,79.45,75,3,3.29,PG,2020-07-15 13:08:18
449,Puerto Colombia,10.99,-74.95,82.4,94,0,11.41,CO,2020-07-15 13:08:18
450,Babstovo,48.12,132.48,70.74,92,1,6.24,RU,2020-07-15 13:08:18
451,Papetoai,-17.5,-149.87,75.2,88,20,1.12,PF,2020-07-15 13:08:18
452,Impfondo,1.64,18.07,84.2,64,84,2.55,CG,2020-07-15 13:08:18
453,Olafsvik,64.89,-23.71,50.34,92,100,11.92,IS,2020-07-15 13:08:19
454,Borovoy,55.43,86.08,68.0,45,80,11.18,RU,2020-07-15 13:08:19
455,Panguna,-6.32,155.48,68.54,100,86,1.86,PG,2020-07-15 13:08:19
456,Ambikāpur,23.12,83.2,81.63,79,98,4.99,IN,2020-07-15 13:07:06
457,Redcar,54.62,-1.06,60.01,87,100,4.0,GB,2020-07-15 13:08:19
458,Aksu,41.12,80.26,88.79,19,72,4.38,CN,2020-07-15 13:08:19
459,Lagos,6.58,3.75,80.78,71,100,8.34,NG,2020-07-15 13:06:55
460,Chālūs,36.66,51.42,84.2,83,40,6.93,IR,2020-07-15 13:08:20
461,Arrondissement de Mayenne,48.33,-0.67,68.0,60,90,9.17,FR,2020-07-15 13:08:20
462,Cayenne,4.93,-52.33,86.0,74,75,4.7,GF,2020-07-15 13:08:20
463,Chengzhong,30.95,113.55,75.2,94,75,4.47,CN,2020-07-15 13:08:20
464,Cao Bang,22.67,106.25,82.15,74,87,4.09,VN,2020-07-15 13:08:21
465,Malbork,54.04,19.03,77.0,36,0,12.75,PL,2020-07-15 13:08:21
466,Whitehorse,60.72,-135.05,46.4,93,75,6.93,CA,2020-07-15 13:08:21
467,Cananéia,-25.01,-47.93,62.58,73,100,5.03,BR,2020-07-15 13:08:21
468,Kangaatsiaq,68.31,-53.46,43.63,82,75,5.75,GL,2020-07-15 13:08:22
469,Suez,29.97,32.53,101.28,17,0,10.42,EG,2020-07-15 13:08:22
470,Kikwit,-5.04,18.82,90.5,34,99,2.75,CD,2020-07-15 13:08:22
471,Vysokogornyy,50.12,139.15,59.14,91,4,1.19,RU,2020-07-15 13:08:22
472,Smolenka,52.14,113.5,71.6,73,40,4.47,RU,2020-07-15 13:08:22
473,Timrå,62.49,17.33,66.2,68,20,12.75,SE,2020-07-15 13:08:23
474,Acarí,-15.43,-74.62,68.86,47,56,3.24,PE,2020-07-15 13:08:23
475,Santa Maria,-29.68,-53.81,45.05,63,0,5.14,BR,2020-07-15 13:08:23
476,Banjar,-8.19,114.97,78.8,83,20,18.34,ID,2020-07-15 13:08:23
477,Sola,-13.88,167.55,78.8,78,40,11.41,VU,2020-07-15 13:08:23
478,Prince Rupert,54.32,-130.32,55.4,100,90,10.29,CA,2020-07-15 13:08:24
479,Chachapoyas,-6.23,-77.87,54.48,84,96,3.2,PE,2020-07-15 13:08:24
480,Hamilton,39.18,-84.53,75.0,78,1,4.63,US,2020-07-15 13:03:51
481,Teya,60.38,92.63,56.07,64,90,6.69,RU,2020-07-15 13:08:24
482,Ardakān,32.31,54.02,100.4,12,20,6.93,IR,2020-07-15 13:08:24
483,Khromtau,50.25,58.43,94.23,18,0,10.36,KZ,2020-07-15 13:08:25
484,Yanam,16.73,82.22,82.4,88,75,8.05,IN,2020-07-15 13:08:25
485,Anito,12.45,125.29,78.37,87,93,8.39,PH,2020-07-15 13:08:25
486,Coyhaique,-45.58,-72.07,30.2,92,75,5.82,CL,2020-07-15 13:08:25
487,Jiuquan,39.74,98.52,80.51,28,77,6.73,CN,2020-07-15 13:08:25
488,Maumere,-8.62,122.21,77.45,76,76,10.29,ID,2020-07-15 13:08:25
489,Lisburn,54.52,-6.04,61.0,82,100,8.05,GB,2020-07-15 13:07:41
490,Broken Hill,-31.95,141.43,46.4,60,0,2.17,AU,2020-07-15 13:08:26
491,Kizlyar,43.85,46.72,94.62,25,42,8.19,RU,2020-07-15 13:08:26
492,Aksarka,66.56,67.8,62.02,91,100,9.17,RU,2020-07-15 13:08:26
493,Evora,38.57,-7.9,89.6,31,0,5.82,PT,2020-07-15 13:07:48
494,Tatarsk,55.22,75.98,71.98,71,58,4.9,RU,2020-07-15 13:08:26
495,Constitución,-35.33,-72.42,52.12,71,0,4.9,CL,2020-07-15 13:08:26
496,Ovsyanka,55.96,92.55,62.6,51,81,8.95,RU,2020-07-15 13:08:26
497,Puerto Madryn,-42.77,-65.04,39.56,68,0,11.27,AR,2020-07-15 13:08:26
498,Faanui,-16.48,-151.75,77.5,84,0,15.01,PF,2020-07-15 13:08:27
499,Kjøllefjord,70.95,27.35,48.2,81,2,9.17,NO,2020-07-15 13:08:27
500,Comodoro Rivadavia,-45.87,-67.5,32.0,76,17,2.24,AR,2020-07-15 13:03:39
501,Puerto Baquerizo Moreno,-0.9,-89.6,67.12,89,72,12.75,EC,2020-07-15 13:08:27
502,Våler,60.68,11.83,64.99,72,40,5.82,NO,2020-07-15 13:08:27
503,Luau,-10.71,22.22,85.78,13,0,8.5,AO,2020-07-15 13:08:27
504,Praia,14.92,-23.51,82.4,65,75,17.22,CV,2020-07-15 13:08:28
505,Pop,40.87,71.11,95.0,23,40,4.7,UZ,2020-07-15 13:08:28
506,Severnyy,50.68,36.55,69.8,49,75,15.66,RU,2020-07-15 13:08:28
507,Kenai,60.55,-151.26,53.01,87,1,3.36,US,2020-07-15 13:04:19
508,Bosaso,11.28,49.18,93.2,63,20,18.34,SO,2020-07-15 13:08:28
509,Marawi,8.0,124.29,75.99,89,100,5.99,PH,2020-07-15 13:08:28
510,Walvis Bay,-22.96,14.51,89.6,7,0,19.46,NA,2020-07-15 13:08:29
511,Narsaq,60.92,-46.05,50.0,76,75,5.82,GL,2020-07-15 13:08:29
512,Barabai,-2.58,115.38,74.07,94,94,1.77,ID,2020-07-15 13:08:29
513,Igrim,63.19,64.42,89.38,37,73,11.83,RU,2020-07-15 13:08:30
514,Strezhevoy,60.73,77.59,78.8,61,59,8.95,RU,2020-07-15 13:08:30
515,Padang,-0.95,100.35,81.01,74,17,1.97,ID,2020-07-15 13:08:30
516,Marabba,12.35,32.18,87.13,52,98,15.35,SD,2020-07-15 13:08:30
517,Carutapera,-1.2,-46.02,84.09,70,1,8.63,BR,2020-07-15 13:08:30
518,Waingapu,-9.66,120.26,72.88,77,6,12.19,ID,2020-07-15 13:08:30
519,Kasungu,-13.03,33.48,80.35,19,0,11.65,MW,2020-07-15 13:08:31
520,Sibolga,1.74,98.78,79.72,79,100,2.57,ID,2020-07-15 13:08:31
521,Lékoni,-1.58,14.26,83.8,53,57,4.32,GA,2020-07-15 13:08:31
522,Newport,51.59,-3.0,64.0,77,85,1.99,GB,2020-07-15 13:07:54
523,Kodinsk,58.69,99.18,59.54,52,3,10.89,RU,2020-07-15 13:08:31
524,Ürümqi,43.8,87.6,86.0,25,98,8.95,CN,2020-07-15 13:08:32
525,Bone,51.97,12.14,61.0,94,100,4.85,DE,2020-07-15 13:08:32
526,Nantucket,41.28,-70.1,66.99,77,90,18.34,US,2020-07-15 13:08:32
527,Polson,47.69,-114.16,50.0,73,0,4.36,US,2020-07-15 13:06:14
528,Biak,-0.91,122.88,76.37,84,47,5.3,ID,2020-07-15 13:08:32
529,Palembang,-2.92,104.75,78.8,88,20,2.24,ID,2020-07-15 13:04:22
530,Bandarbeyla,9.49,50.81,91.81,40,100,28.74,SO,2020-07-15 13:08:32
531,Akdepe,42.06,59.38,105.8,13,0,11.41,TM,2020-07-15 13:08:33
532,Qaqortoq,60.72,-46.03,50.0,76,75,5.82,GL,2020-07-15 13:08:33
533,Marsh Harbour,26.54,-77.06,83.48,72,0,6.33,BS,2020-07-15 13:08:34
534,Hambantota,6.12,81.12,82.4,100,40,10.29,LK,2020-07-15 13:08:34
535,Klaksvík,62.23,-6.59,51.8,100,75,14.99,FO,2020-07-15 13:08:34
536,Salekhard,66.53,66.6,64.26,86,92,13.11,RU,2020-07-15 13:08:34
537,Lorengau,-2.02,147.27,82.4,68,98,6.04,PG,2020-07-15 13:08:34
538,Ust'-Ilimsk,58.0,102.66,62.73,59,1,9.4,RU,2020-07-15 13:08:35
539,Manjacaze,-24.71,33.88,67.48,54,0,16.22,MZ,2020-07-15 13:08:35
540,Tarauacá,-8.16,-70.77,75.02,91,23,1.92,BR,2020-07-15 13:08:35
541,Latung,5.5,120.88,83.91,69,90,5.17,PH,2020-07-15 13:08:35
542,Linjiang,41.81,126.91,65.86,83,0,0.6,CN,2020-07-15 13:08:35
543,Santa Cruz de la Sierra,-17.8,-63.17,64.4,72,75,6.93,BO,2020-07-15 13:07:34
544,Kruisfontein,-34.0,24.73,58.1,36,19,4.85,ZA,2020-07-15 13:08:36
545,Port Macquarie,-31.43,152.92,57.99,62,28,4.0,AU,2020-07-15 13:08:36
546,Collie,-33.37,116.15,55.99,81,86,7.36,AU,2020-07-15 13:08:36
547,Kirovsk,48.64,38.64,74.71,43,0,14.03,UA,2020-07-15 13:08:36
548,Sovetskiy,61.36,63.58,96.06,24,0,11.23,RU,2020-07-15 13:08:36
549,Sharkan,57.3,53.87,93.99,32,0,4.0,RU,2020-07-15 13:08:38
550,Seoul,37.57,126.98,75.2,69,1,4.68,KR,2020-07-15 13:08:38
551,Hay River,60.82,-115.8,51.8,87,40,10.29,CA,2020-07-15 13:08:38
552,Jiayuguan City,39.82,98.3,81.48,25,97,6.26,CN,2020-07-15 13:08:38
553,Palāsa,18.77,84.42,82.54,80,2,12.97,IN,2020-07-15 13:08:39
554,Illapel,-31.63,-71.17,59.31,48,0,1.07,CL,2020-07-15 13:04:43
555,Shumerlya,55.5,46.41,79.97,53,52,13.56,RU,2020-07-15 13:08:39
556,Magadan,59.57,150.8,52.7,93,57,3.91,RU,2020-07-15 13:08:39
557,Bendigo,-36.77,144.28,42.01,50,0,2.93,AU,2020-07-15 13:08:39
558,Vrangel',42.73,133.08,59.77,91,0,2.98,RU,2020-07-15 13:08:39
559,Palana,59.12,159.97,50.25,96,100,10.27,RU,2020-07-15 13:08:40
560,Pandan,14.05,124.17,82.0,77,0,8.97,PH,2020-07-15 13:08:40
561,Verkhovazh'ye,60.75,42.05,54.73,91,100,13.2,RU,2020-07-15 13:08:40
562,Pacific Grove,36.62,-121.92,57.99,90,83,1.01,US,2020-07-15 13:08:41
563,Kendal,54.33,-2.75,57.99,87,100,4.0,GB,2020-07-15 13:08:41
564,Palamós,41.85,3.13,73.0,54,45,6.93,ES,2020-07-15 13:08:41
565,Nizwá,22.93,57.53,97.63,28,99,10.96,OM,2020-07-15 13:08:41
566,Pangkalanbuun,-2.68,111.62,76.12,93,100,4.61,ID,2020-07-15 13:07:24
567,Bac Lieu,9.29,105.72,80.65,86,100,3.11,VN,2020-07-15 13:08:41
568,Bay-Khaak,51.17,94.5,63.57,49,100,9.89,RU,2020-07-15 13:08:42
569,Wenling,28.37,121.36,84.0,63,100,0.45,CN,2020-07-15 13:08:42
570,Monteagudo,-19.82,-63.98,57.42,80,100,2.59,BO,2020-07-15 13:08:42
571,Port Blair,11.67,92.75,82.22,80,99,10.92,IN,2020-07-15 13:08:42
572,Lakes Entrance,-37.88,147.98,46.99,96,99,3.11,AU,2020-07-15 13:08:42
573,Yining,29.04,114.56,79.75,86,9,1.54,CN,2020-07-15 13:08:43
574,Barentu,15.11,37.59,89.1,40,52,10.25,ER,2020-07-15 13:08:43
575,Faya,18.39,42.45,91.4,9,40,11.41,SA,2020-07-15 13:08:43
576,Nosy Varika,-20.58,48.53,73.87,73,0,5.7,MG,2020-07-15 13:08:43
577,Nieuw Amsterdam,5.88,-55.08,82.4,74,20,6.93,SR,2020-07-15 13:08:43
578,Dehlorān,32.69,47.27,110.75,6,0,24.05,IR,2020-07-15 13:08:43
579,Koumac,-20.57,164.28,68.99,75,39,7.07,NC,2020-07-15 13:08:43
580,Granadilla de Abona,28.12,-16.58,82.4,58,0,24.16,ES,2020-07-15 13:04:39
581,Jiblah,13.92,44.15,69.28,69,93,3.42,YE,2020-07-15 13:08:44
